"RHDI (ranking human development index, 2019)","HDI (human development index value, 2019)","LE (life expectancy at birth, years, 2019)","EYS (expected years of schooling, years, 2019)","MYS (mean years of schooling, years, 2019)",GNI (gross national income per capita 2019 (2017 PPP $),"TP (total population, millions, 2019)","TUP (total urban population, %, 2019)","RPAE (rural population with access to electricity, %, 2018)","CDEP (carbon dioxide emissions production per capita, tonnes, 2018)","RLI (red list index value, 2019)",Continent,"GDIV (gender development index value, 2019)","GIIV (gender inequality index value, 2019)","IHDI (gender inequality index value, 2019)","ILE (inequality in life expectancy, %, 2015-2020)","IE (inequality in education, %, 2019)","II (inequality in income, %, 2019)","SSP (share of seats in parliament, % held by women, 2019)","MA (median age, years, 2020)","CHE (current health expenditure, % of GDP)","GEE (government expenditure on education, % of GDP, 2013-2018)","PPP (physicians per 10000 people, 2010-2018)","HB (hospital beds per 10000 people, 2010-2019)","VE (vulnerable employment, % of total employment, 2019)","WAFI (Women with account at financial institution or with mobile money-service provider, % of female population ages 15 and older, 2017)","CDE (Carbon dioxide emissions per unit of GDP, kg per 2010 US$ of GDP)","FA (forest area, % of total land area, 2016)","FAC (forest area change, %, 1990/2016)","DMC (domestic material consumption per capita, tonnes, 2017)","SLF (skilled labour force, % of labour force, 2010-2019)","RDE (research and development expenditure, % of GDP, 2014-2018)"
1,0.9570000000000001,82.4,18.06615,12.89775,66494.25217,5.378859,82.59999999999998,100.0,8.303974438,0.93923,Europe,0.9899386579617449,0.045,0.899,3.0,2.3324,12.56175,40.82840237,39.836,10.446342,7.9761,29.164,35.3,4.906,100.0,0.10907,33.17786,-0.11528401400000002,21.82197,84.28109999999998,2.06985
2,0.9549999999999998,82.31,18.70529,12.6663305,68370.58737,4.882498,63.4,100.0,8.079187496999998,0.91522,Europe,0.981024297613543,0.09299999999999999,0.885,3.4,3.28604,14.97823,24.31192661,38.246,7.184383,3.71973,33.125,29.7,10.61,95.30703735,0.11213,11.02773,63.37634671,13.47527,85.04699999999998,1.14647
2,0.9549999999999998,83.78,16.32844,13.38081241,69393.52076,8.591361000000001,73.79999999999998,100.0,4.325015533,0.9745899999999998,Europe,0.9675128179073542,0.025,0.889,3.5,1.82879,14.93378,38.61788618,43.053,12.346322,5.11332,42.957,46.3,8.941,98.85665131,0.07974999999999999,31.83015,9.314837406,13.71868,87.31409999999998,3.37286
4,0.9490000000000001,84.86,16.92947,12.27996,62984.76553,7.436157,100.0,100.0,5.852683156,0.8306000000000001,Asia,0.9723231390489696,0.3424772727272727,0.8239999999999998,2.5,9.8,25.6,18.235152053608694,44.79,5.452899188449395,3.32259,18.941456521739127,30.19555555555556,5.717,94.7024231,0.10847000000000002,22.25322765957447,8.08988600768085,14.21924934782609,76.98,0.8609599999999998
4,0.9490000000000001,82.98999999999998,19.08309,12.77278684,54682.38057,0.339037,93.9,100.0,10.78247647,0.8631,Europe,0.9686740369265664,0.05800000000000001,0.8939999999999998,2.4,2.79474,11.73652,38.0952381,37.491,8.326290999999998,7.45988,40.778,28.3,8.108,84.16602415710528,0.13471,0.50374,213.6645888,14.88115,76.1659,2.02994
6,0.9469999999999998,81.33,16.97719,14.15168,55314.35355,83.517046,77.4,100.0,9.130913855,0.9836199999999999,Europe,0.9718804772078216,0.084,0.869,3.8,2.280957858,17.65562,31.61953728,45.744,11.246835,4.80093,42.488,80.0,5.62,99.19924927,0.19734,32.69121,1.004256836,14.67891,87.3212,3.09415
7,0.945,82.79999999999998,19.48234,12.54847,54507.80504,10.036391,87.7,100.0,4.114359145,0.9921200000000001,Europe,0.9826442554677153,0.03900000000000001,0.882,2.9,3.68669,12.98707,47.27793696,41.078,11.018746,7.66993,39.84,21.4,6.063,100.0,0.08279,68.92293,0.779804327,16.92074,87.11539999999998,3.33937
8,0.944,83.43999999999998,21.95433,12.72469119,48084.84207,25.2032,86.09999999999998,100.0,16.87759397,0.82089,Oceania,0.9762035605125556,0.09699999999999999,0.867,3.7,2.7,17.3,36.56387665,37.875,9.205948,5.27163,36.778,38.4,10.634,99.19509125,0.3366,16.25828,-2.831804998,37.93135,78.93999999999998,1.87372
8,0.944,82.28,18.48513,12.4148,57707.06867,17.097123,91.9,100.0,9.474101325,0.9402700000000002,Europe,0.9655866662196487,0.04299999999999999,0.8779999999999999,3.1,5.3671,12.21919,33.77777778,43.314,10.100835,5.4796,36.054,31.7,12.653,99.83270264,0.19052,11.17839,9.38623,13.65794,78.58419999999998,2.16374
10,0.9399999999999998,80.9,18.89342,12.61380326,58661.87084,5.771877000000002,88.0,100.0,6.051623348,0.9718899999999999,Europe,0.9825656024202176,0.038,0.883,3.6,2.90482,11.38334,39.10614525,42.298,10.108279,7.63485,40.099,26.0,4.895,100.0,0.11739,14.69921,14.70906518,15.65949,79.6615,3.06408
11,0.938,81.90999999999998,19.39712,12.82413,48511.3978,5.532159,85.4,100.0,8.50854746,0.98974,Europe,0.9899190976379476,0.04699999999999999,0.8880000000000001,3.0,2.23918,10.61751,47.0,43.128,9.206939,6.89735,38.118,36.1,9.585,99.58627319,0.19395000000000004,73.10716999999998,1.7952588599999997,24.72759,90.5192,2.77381
11,0.938,83.62,16.44088,11.62461,88155.21430999998,5.804343,100.0,100.0,7.097109353,0.85251,Asia,0.9852372575048299,0.065,0.813,2.5,11.0,25.0,23.0,42.226,4.440383,2.85435,22.936,24.9,9.666,96.31292725,0.10079,23.06065,-5.500707252,32.62553,84.0,1.94431
13,0.932,81.31999999999998,17.49843,13.24287,46070.64481,67.53016099999999,83.7,100.0,5.645373744,0.7806699999999999,Europe,0.9699238256280698,0.118,0.8560000000000001,4.1,2.73404,17.01375,28.90896456,40.467,9.631694,5.48697,28.117,24.6,12.998,96.07344055,0.13811,13.06576,13.78689705,7.840169999999999,84.36879999999998,1.72412
14,0.931,81.62999999999998,19.77438,12.05027,52084.59209,11.539326,98.0,100.0,8.679990851999998,0.98605,Europe,0.9738078064627922,0.04299999999999999,0.859,3.6,8.18013,11.38202,43.33333333,41.928,10.338669,6.54513,30.709,55.8,10.189,98.81755066,0.19049,22.58388,15.320599378871798,16.06341,85.6118,2.82119
14,0.931,82.29,18.83857,12.78207732,40798.7196,4.783062,86.59999999999998,100.0,7.329715329,0.62264,Oceania,0.9642864080198679,0.123,0.859,4.3,1.840131778,16.399999999999995,40.83333333,37.973,9.170055,6.44277,35.898,25.7,12.087,99.34078217,0.19243,38.55608,5.117003472,24.16861,82.18,1.3657
16,0.929,82.43,16.15789,13.36610479,48527.03573,37.411038,81.5,100.0,15.33159583,0.96358,North America,0.9855929026542676,0.08,0.8480000000000001,4.6,2.671,18.06,33.18284424,41.124,10.572769,4.537240624999999,26.102,25.2,10.691,99.85279846,0.34675,38.16155,-0.359084325,28.79281,91.9557,1.56625
17,0.9259999999999999,78.86,16.31039,13.41344,63825.65748,329.06491700000004,82.5,100.0,16.558666299999995,0.8326399999999998,North America,0.9935448018449421,0.20400000000000001,0.808,6.3,2.753,27.144,23.72881356,38.308,17.061269,4.96174,26.12,28.7,3.837,92.68624878,0.27445,33.92979,2.748073971,20.2919,96.4763,2.83766
18,0.922,81.54,16.09207,12.5461436,56196.89869,8.955108000000001,58.5,100.0,7.74568605,0.8942099999999998,Europe,0.963932404178508,0.069,0.857,3.7,2.91745,14.11727,38.52459016,43.483,10.396617,5.5007,51.697,72.7,7.385,98.37577057,0.16722,46.90571,2.581402703,15.77868,87.6045,3.17177
19,0.9190000000000002,82.97,16.16283,13.0348541,40186.84583,8.519373,92.5,100.0,7.667324145,0.72284,Asia,0.9733183592157604,0.10900000000000001,0.8139999999999998,3.3,5.656,23.689,23.33333333,30.484,7.407464,5.8493,46.249,29.8,8.268,93.70038605,0.22568000000000002,7.726429999999999,26.66666435,12.96762,90.3235,4.95278
19,0.9190000000000002,84.62999999999998,15.23057,12.85,42931.69575,126.860299,91.7,100.0,9.134914122,0.7755499999999999,Asia,0.977565470435392,0.09399999999999999,0.8429999999999997,2.9,4.656,16.663,14.50704225,48.358,10.935933,3.18618,24.115,129.8,8.307,98.06467438,0.23457,68.45622,0.036627814,8.95519,99.91,3.26451
19,0.9190000000000002,80.67,14.90233,12.53854,131031.5898,0.03802,14.4,100.0,4.028224743,0.99272,Europe,0.9844383119287972,0.11635897435897437,0.8033333333333333,4.438461538461539,5.892266555199999,15.380018461538462,12.0,42.148153846153846,8.281743210526317,4.982562857142858,36.052275,50.02051282051282,12.736153846153845,84.16602415710528,0.2267274358974359,43.125,6.153847621,15.197031794871792,84.27702307692306,1.461787435897436
22,0.917,81.31999999999998,17.57206,12.65874,38079.53399,2.078654,54.8,100.0,6.945588128,0.92968,Europe,1.0014085210641908,0.063,0.875,2.9,2.12184,8.675729999999998,22.30769231,44.539,8.187018,4.80289,30.861,44.3,11.196,96.93920898,0.21400999999999998,61.97001,5.056905842,13.36236,92.1087,1.94221
23,0.916,83.03,16.48165,12.21376462,43043.71057,51.225321,81.4,100.0,12.87406169,0.7015000000000001,Asia,0.9361131436640371,0.064,0.8149999999999998,3.0,8.836,20.24,16.66666667,43.734,7.603864,4.59437,23.608,124.3,19.041,94.68531036,0.32427,63.35484,-4.062676168,15.86009,85.98529999999998,4.81009
23,0.916,82.25,14.25582,12.31145,72711.67411999998,0.61573,91.2,100.0,15.85730954,0.9866100000000003,Europe,0.9759421347047923,0.065,0.8259999999999998,3.4,6.29069,18.99091,25.0,39.729,5.481074,3.95519,30.09,42.6,5.615,98.17749023,0.16658999999999996,35.67901,15.320599378871798,28.5188,79.5526,1.23562
25,0.9040000000000001,83.57,17.61613,10.25178,40974.52408,46.736782,80.59999999999998,100.0,5.744643003,0.8542799999999998,Europe,0.9858652738011704,0.07,0.783,3.0,16.86947,19.46657,41.85667752,44.858,8.873129999999998,4.20911,38.723,29.7,10.982,91.64125061,0.16162,36.93621,33.58509383,11.85811,67.6972,1.237
26,0.901,82.65999999999998,15.64217,11.4795,47172.53748,65.129731,80.7,100.0,5.199426729,0.87166,Europe,0.9871529941375219,0.049,0.82,3.8,9.48623,13.49257,36.86486486,42.338,11.312892,4.982562857142858,32.672,59.1,7.428,91.28713226,0.12052,31.23328,18.46967187,11.94634,85.735,2.20002
27,0.9,79.37999999999998,16.78511,12.72238228,38108.56662,10.689213,73.9,100.0,9.933274747,0.9709999999999999,Europe,0.9854316655027544,0.136,0.8599999999999998,3.0,1.38824,8.88405,20.6405694,43.203,7.231339,5.58738,41.208,66.2,13.681,78.58478546,0.30197,34.56358,1.587226292,16.911909999999995,95.3939,1.92829
28,0.8949999999999999,82.53,16.10407,11.32613,39554.52078,0.44037699999999996,94.7,100.0,3.60479729,0.88422,Europe,0.9656903187553368,0.175,0.8229999999999998,4.6,6.18818,13.01089,14.92537313,42.596,9.340999,5.20455,28.598,44.9,9.809,96.96466064,0.09103,1.09375,0.0,15.54893,63.4538,0.57462
29,0.892,78.75,15.989,13.14306146,36019.26692,1.325649,69.1,100.0,14.78479424,0.9848800000000001,Europe,1.016865658667438,0.08599999999999998,0.829,3.6,2.28057,14.78369,29.7029703,42.424,6.429358,5.17316,44.833,45.7,6.149,98.37523651,0.42704,51.33656,-1.35282788,35.03503,91.1513,1.42515
29,0.892,83.51,16.088899999999995,10.37955,42776.35692,60.550092,70.7,100.0,5.575487448,0.89931,Europe,0.9677671046971582,0.069,0.783,3.1,10.60056,21.76434,35.26315789,47.288,8.840258999999998,3.82926,39.774,31.4,16.866,91.62443542,0.15524,31.7903,23.18637807,10.84522,69.9714,1.39909
31,0.89,77.97,14.3441,12.11122,67462.0953,9.770526,86.79999999999998,100.0,21.34806098,0.85652,Asia,0.9306258727041726,0.079,0.6202777777777779,5.2,18.2,19.29900227749999,50.0,32.621,3.334282,3.860831315789474,25.278,13.8,0.932,76.41671753,0.31707,4.55731,32.10612394,22.4801,52.4057,1.30316
32,0.8880000000000001,82.23999999999998,17.90792,10.55207,30154.63438,10.473452,79.4,100.0,7.021960901,0.8451299999999999,Europe,0.9630418179496727,0.11600000000000002,0.791,3.5,11.06794,17.801549999999995,20.66666667,45.55,8.04139,4.982562857142858,54.789,42.0,25.796,84.53689575,0.24382,31.68503,23.80115038,10.02498,81.3215,1.17732
33,0.8870000000000001,80.98,15.16887,12.17123,38206.84049,1.198574,66.8,100.0,6.298512106,0.98152,Asia,0.9790503054886732,0.08599999999999998,0.805,3.6,10.47803,13.21694,17.85714286,37.25,6.684569,6.29136,19.509,34.0,11.06,90.01422119,0.22879,18.68723,7.175220356,19.46787,84.9979,0.55859
34,0.882,75.93,16.63731,13.07721,35798.67041,2.759631,67.90000000000002,100.0,4.838708526,0.9886800000000001,Europe,1.0299156308783952,0.12400000000000003,0.791,5.5,3.88094,20.57362,21.27659574,45.051,6.457564,4.00847,63.528,64.3,9.152,81.01387024,0.13541,34.83286,12.25314039,15.3224,96.4468,0.94496
35,0.8800000000000001,78.73,16.30117063,12.47232,31622.55302,37.887771,60.0,100.0,9.059166081,0.97158,Europe,1.0071102297898131,0.11500000000000002,0.813,4.3,4.93736,13.47713,27.85714286,41.678,6.541954,4.63931,23.788,65.40000000000002,16.059,87.96221923999998,0.30462,30.88344,6.511525045,18.53677,95.1002,1.21228
36,0.868,81.90999999999998,13.30023874,10.50176,56000.30336,0.077146,88.0,100.0,6.115237774,0.91631,Europe,0.9844383119287972,0.11635897435897437,0.8033333333333333,4.438461538461539,10.00815435,15.380018461538462,46.42857143,42.148153846153846,10.320552,3.22691,33.333,50.02051282051282,12.736153846153845,84.16602415710528,0.2267274358974359,34.04255,0.0,15.197031794871792,84.27702307692306,1.461787435897436
37,0.866,75.29,16.16769,13.03085,30282.39353,1.90674,68.2,100.0,3.728676627,0.98812,Europe,1.0359550006860927,0.17599999999999996,0.783,5.4,2.53011,19.5844,30.0,43.941,5.955662,4.71957,31.905,54.9,7.143,92.54244232,0.14283,53.97877,5.807234877,16.9644,92.5467,0.63068
38,0.8640000000000001,82.04999999999998,16.535789999999995,9.26347,33966.82756,10.226178,65.8,100.0,4.965331678,0.8696199999999997,Europe,0.9883174104291929,0.07499999999999998,0.761,3.5,14.96519,16.92889,38.69565217,46.158,8.969573999999998,4.88294,51.24,34.5,11.848,90.62212372,0.17533,34.61142,-7.830463328999999,10.0224,56.5709,1.36552
39,0.8599999999999998,77.54,14.48704,12.69315651,32113.04569,5.457012,53.7,100.0,6.607043371,0.96068,Europe,0.9918148051098384,0.191,0.807,5.0,1.55613,11.67745,20.0,41.249,6.742535,3.90267,34.156,57.0,11.798,83.13398743,0.19808,40.35358,0.988918975,10.72146,95.6005,0.83252
40,0.8539999999999999,76.87999999999998,15.20418,11.96329,31328.80599,9.68468,71.6,100.0,5.135905757,0.8752499999999998,Europe,0.9807894581244344,0.233,0.791,4.2,3.11063,14.46582,12.56281407,43.336,6.87999,4.71078,34.075,70.1,6.024,72.15751648,0.18118,22.90512,14.29665305,16.93476,88.824,1.55484
40,0.8539999999999999,75.12999999999998,16.13575,10.22517,47495.42697,34.268529,84.09999999999998,100.0,18.43475649,0.90657,Asia,0.8960899029569533,0.252,0.6202777777777779,6.4,18.0,19.29900227749999,19.86754967,31.797,5.230253,3.860831315789474,26.117,22.4,3.016,58.17010498,0.33664,0.45448000000000005,0.0,24.99726,58.66,0.81516
42,0.852,77.29,16.254819999999995,9.5192,42521.70451,1.641164,89.4,100.0,19.78972198,0.75102,Asia,0.921716932482197,0.21200000000000002,0.6202777777777779,5.5,22.7,19.29900227749999,18.75,32.456,4.748105,2.32721,9.257,17.399999999999995,1.081,75.40673828,0.47092999999999996,0.78406,145.9102569,28.58024,19.27,0.10116
43,0.8509999999999998,80.18,16.44755,10.58295,23261.29726,18.952035,87.59999999999998,100.0,4.58518161,0.76256,South America,0.9627589312244504,0.24699999999999997,0.709,6.3,10.386,31.144998,22.72727273,35.339,8.98351,5.40274,25.912,20.6,22.694,71.27378845,0.22286,24.25693,18.16681374,41.78723,71.2648,0.35518
43,0.8509999999999998,78.48999999999998,15.22672,11.44932,28069.84837,4.130299,57.2,100.0,4.475045141,0.89663,Europe,0.9900189694790631,0.11600000000000002,0.783,4.3,4.67412,14.67226,20.52980132,44.291,6.789134,4.55695,29.996,55.4,7.271,82.69694519,0.18042999999999998,34.35311,3.82066859,10.10998,91.7963,0.97489
45,0.8480000000000001,80.23,12.03595,9.73144,92418.23036,2.832071,99.2,100.0,37.97087518,0.82126,Asia,1.0296748037406311,0.185,0.6202777777777779,5.7,11.8,19.29900227749999,9.756097561,32.264,2.607429,2.86383,24.852,12.5,0.144,61.56953049,0.26497,0.0,0.0,52.51733,43.87,0.50729
46,0.845,76.67,17.6542,10.94060102,21190.17661,44.780675,92.0,100.0,4.407717113,0.8490199999999998,South America,0.9934519494449825,0.328,0.729,8.599999999999998,5.954049975,25.15935239,39.87730061,31.532,9.124315,5.46223,39.901,49.9,21.805,50.75725174,0.2233,9.79841,-22.92932711,16.06623,66.9257,0.54152
47,0.8379999999999999,75.86,14.31391,9.14,63965.09279,0.433296,77.9,100.0,18.48527728,0.8605699999999998,Asia,0.9807064034458568,0.255,0.6202777777777779,7.599999999999999,18.071931588695648,19.29900227749999,9.090909091,32.308,2.373208,4.42541,16.09,28.5,6.035,53.02450529446666,0.22247,72.10626,-7.99031477,22.93296,78.7694,0.27764
48,0.829,76.87999999999998,14.99968,11.58926489,21399.24713,0.6279880000000001,67.2,100.0,3.199062135,0.80555,Europe,0.9661920538769244,0.10900000000000001,0.749,3.6,7.81501,16.92405,28.39506173,38.8,8.281743210526317,4.982562857142858,27.557,38.6,13.257,67.57224274,0.22164,61.48699,32.1086262,13.38613,92.0116,0.36763
49,0.8279999999999997,76.04999999999998,14.25988,11.0708,29497.23164,19.364558,54.1,100.0,3.796794174,0.92973,Europe,0.9913810337527182,0.276,0.73,6.3,5.33215,22.70669,19.56989247,43.171,5.157888,2.97411,29.807,68.90000000000002,23.722,53.59091949,0.15834,30.12083,8.432145512,11.68359,81.6709,0.5051
50,0.8259999999999998,73.93,15.7967036,12.49143,19316.97453,0.018001,80.5,100.0,13.16747641,0.72744,Oceania,0.9634235119456194,0.33816666666666667,0.658,13.469999999999999,1.9,21.06517,13.79310345,25.8853,11.961162,5.537004285714285,14.205,21.116666666666664,45.262625,99.26793671,0.264515,87.60868999999998,3.849879875666667,1.21251,92.5285,1.0903333333333334
51,0.8249999999999998,73.59999999999998,15.61293,11.8949,22857.46082,18.551428,57.5,100.0,17.56514792,0.8674800000000001,Asia,0.9802664241755157,0.19,0.766,7.7,3.2,10.3,22.07792208,30.682,3.125362,2.75095,39.8,60.6,23.154,60.28655243,0.60105,1.22569,-3.302162478,29.13647,80.79999999999998,0.12286
52,0.8239999999999998,72.58,15.02735,12.17244258,26157.04711,145.87226,74.59999999999998,100.0,11.73842586,0.95389,Europe,1.006650897173894,0.225,0.74,7.1,4.196,18.752,16.4516129,39.586,5.344578,3.74303,40.139,71.2,5.35,76.13137054,0.47641999999999995,49.75856,0.814678533,16.86484,96.0979,0.98988
53,0.8229999999999998,74.79,15.40479,12.30584324,18546.48713,9.452409,79.0,100.0,6.924653776,0.9704599999999999,Europe,1.0066083723479982,0.118,0.771,4.4,3.7,10.8,34.93975904,40.335,5.925786,4.79499,51.905,108.3,3.287,81.33817290999998,0.3383,42.63011,11.14512599,17.52232,98.63,0.60817
54,0.82,77.68999999999998,16.60266555,8.10682,27700.89481,83.429607,75.59999999999998,100.0,5.200135322,0.8757300000000001,Asia,0.9239286215250176,0.306,0.683,9.0,16.5,24.09507,17.44966443,31.549,4.216303,3.860831315789474,18.492,28.5,27.043,54.29382324,0.19227,15.35465,22.81646633,18.74269,46.3447,0.96105
55,0.8169999999999998,77.90999999999998,16.83564,8.925729999999998,20063.64222,3.461731000000001,95.4,100.0,2.013141854,0.8547800000000001,South America,1.0161750582009683,0.288,0.7119999999999999,7.9,6.526061455,23.357915,20.93023256,35.76,9.296212,4.8403,50.794,24.3,24.32,60.62883759,0.08438000000000001,10.67158,134.1113084,37.62024,26.0815,0.4839300000000001
56,0.8159999999999998,75.04999999999998,14.41442,11.36009,23324.6574,7.000117,75.29999999999998,100.0,6.31220567,0.94087,Europe,0.9946854591719438,0.20600000000000002,0.7209999999999999,6.1,6.09875,21.79482,25.83333333,44.596,8.095603,4.07685,40.332,74.5,7.793999999999999,73.63685608,0.33285,35.37399,17.62621289,19.59041,87.894,0.76803
57,0.8149999999999998,78.51,12.90561,10.24,29557.66834,4.24644,68.1,100.0,2.618755819,0.74572,North America,1.0190276248713592,0.4069999999999999,0.643,12.0,11.37222672,36.912765,21.12676056,29.677,7.319491,4.537240624999999,15.687,22.5,34.218,42.33934402,0.10739999999999998,61.88593,-8.718252031,7.64784,54.1717,0.14699
58,0.8139999999999998,73.92,12.89945,11.43692,33747.21264,0.389486,83.09999999999998,100.0,4.700275129,0.70186,North America,0.9775500418833575,0.341,0.5952666666666667,6.8,6.3,32.45698486666666,21.81818182,32.25,5.758889,4.537240624999999,20.068,29.6,14.066,53.50663103285712,0.20586,51.44855,0.0,3.03672,47.01161999999999,0.5605236363636362
58,0.8139999999999998,79.18999999999998,15.39288672,10.64244442,14935.90942,0.287021,31.2,100.0,4.474935547,0.8976900000000001,North America,1.0080567125751807,0.252,0.6760000000000002,8.699999999999998,5.5,33.6,29.41176471,40.493,6.779127,4.65652,24.843,59.7,15.841,53.50663103285712,0.20586,14.65116,0.0,2.30107,47.01161999999999,0.5605236363636362
60,0.813,77.86,14.18214,9.731845912,25944.07218,4.974992,85.4,100.0,13.93342503,0.8913799999999998,Asia,0.9356256026877758,0.306,0.706,6.7,11.9488,20.1,9.88372093,30.604,3.849072,4.97011,20.031,14.7,2.633,63.52985382,0.37984,0.006459999999999999,0.0,31.67213,52.396527500000005,0.21961
61,0.812,73.76999999999998,15.27506,13.13296,14428.79984,3.996762,59.0,100.0,2.638009744,0.8714199999999999,Asia,0.9795443902116026,0.331,0.716,7.9,4.1406,22.52352,14.76510067,38.268,7.601658999999999,3.84974,71.201,28.9,49.084,63.61225891,0.24607,40.61591,2.558135986,6.78208,93.4484,0.30457
62,0.8100000000000002,80.28,15.65154,8.741939999999998,18486.37141,5.047561,80.09999999999998,100.0,1.611880208,0.8310299999999999,North America,0.9812972413684269,0.288,0.661,7.1,11.58937058,33.91643,45.61403509,33.462,7.328795999999999,7.02824,28.939,11.0,21.056,60.87906265,0.10146,54.56717,8.666144741,8.58308,43.9963,0.42336
62,0.8100000000000002,76.15999999999998,13.67864,10.37283,27534.09856,31.949789,76.59999999999998,100.0,8.073021872,0.7687,Asia,0.9717958908380915,0.253,0.6202777777777779,6.1,12.1,19.29900227749999,15.51724138,30.262,3.859398,4.53477,15.358,18.8,21.789,82.47853851,0.25393,67.59762,-0.745445036,19.27153,66.8,1.43665
64,0.806,75.48999999999998,14.24582,7.275667996,58590.08219,4.207077,100.0,100.0,23.7018383,0.8379999999999999,Asia,0.9832069529957372,0.242,0.6202777777777779,5.9,22.10817735,19.29900227749999,4.615384615,36.781,5.291385,3.860831315789474,26.463,20.4,1.083,73.46301269999998,0.33669,0.35073,81.15941779,29.63774,52.396527500000005,0.06192
64,0.806,76.0,14.73747,11.19411,17191.66873,8.772227999999998,56.3,100.0,5.162486649,0.9565400000000001,Europe,0.9771722781563892,0.132,0.705,4.9,7.47189,23.971,37.65182186,41.575,8.433958,3.71509,31.131,56.1,24.297,70.12700653,0.49132,31.11594,9.911143067,11.75363,82.8695,0.92132
66,0.804,74.98999999999998,15.0566,9.54,25266.21195,1.26967,40.8,100.0,3.831326918,0.41274,Africa,0.9756210680538228,0.347,0.694,9.4,13.2,18.2,20.0,37.457,5.718721,4.83459,25.331,34.0,16.171,87.11295319,0.1661,19.03448,-5.985399455,11.62948,61.6988,0.34597
67,0.796,73.4,14.14966,9.992045,26903.24617,0.097741,57.1,100.0,6.748372745,0.68593,Africa,0.896937055131926,0.5316744186046513,0.67,9.6,6.65648,29.3,21.21212121,34.181,5.006735,4.41832,21.212,36.0,62.46086538461537,33.304673039521724,0.17891533333333332,88.41303999999998,0.0,2.32783,95.1513,0.22162
67,0.796,73.51,12.96,11.034,26230.71569,1.394969,53.2,100.0,31.2820225,0.80582,North America,1.0033719336064926,0.323,0.5952666666666667,14.9,15.44442229235294,32.45698486666666,32.87671233,36.176,6.978735,4.537240624999999,41.675,30.2,18.14,73.60304259999998,0.46671000000000007,46.02339,-1.911088867,19.94477,71.9665,0.09204000000000001
69,0.795,78.56999999999998,14.69562,10.14573,13998.29989,2.880913,61.2,100.0,1.585297321,0.8379100000000002,Europe,0.9668253716934851,0.18100000000000002,0.708,7.2,12.3,13.17898,29.50819672,36.399,8.281743210526317,2.46866,12.164,28.9,52.852,38.10295868,0.13202,28.1219,-2.314909996,10.12753,79.5197,0.15412
70,0.783,78.79999999999998,14.2809,11.7907808,8620.716216,11.333484,77.09999999999998,100.0,2.523942652,0.66347,North America,0.9439679891565753,0.304,0.5952666666666667,5.1,7.81109,32.45698486666666,53.2231405,42.211,11.711327,4.537240624999999,84.21799,53.3,23.098,53.50663103285712,0.11168,31.2786,63.23235033,7.654639999999999,69.43,0.43065999999999993
70,0.783,76.68,14.81373,10.34749,12446.66645,82.913893,75.4,100.0,8.807001764,0.84155,Asia,0.8655538720919795,0.45899999999999996,0.693,9.2,5.0,19.7,5.882352941,31.972,8.659663999999998,3.95536,15.844,15.6,41.425,91.61125946000001,0.37569,6.56449,17.80421212,14.77,17.98,0.8302699999999998
72,0.782,76.98,14.11107,10.63257,12707.36624,21.323734,18.6,99.48899,1.100794238,0.57426,Asia,0.9553278454664624,0.40099999999999997,0.673,7.0,11.99693,22.36351,5.333333333,33.95,3.811421,2.11189,10.041,41.5,38.996,73.44207000999998,0.09405,32.90384,-9.658498146,5.59248,39.2365,0.10871
73,0.78,77.4,13.8,9.81787,14871.81114,3.300998,48.6,100.0,6.520092962,0.9008,Europe,0.9371149420293479,0.149,0.667,5.4,17.0,20.2,21.05263158,43.108,8.931667,4.982562857142858,21.616,34.9,16.154,54.7417984,0.56686,42.67578,-1.131221719,14.03086,83.5895,0.19879999999999998
74,0.779,72.4,16.869869999999995,9.032104,15640.88574,0.112002,36.4,100.0,2.427817754,0.6751899999999998,North America,0.9775500418833575,0.36316666666666664,0.5952666666666667,11.2,15.44442229235294,32.45698486666666,39.28571429,31.982,4.757117,3.17043,14.067,35.7,28.915736842105265,53.50663103285712,0.20586,49.97059,0.0,0.9524800000000002,47.01161999999999,0.5605236363636362
74,0.779,75.04999999999998,14.80978,8.754609999999998,19159.83967,127.575529,80.4,100.0,3.782543937,0.67726,North America,0.9600814333911668,0.322,0.613,10.5,18.38918256,33.388511,48.40764331,29.171,5.516541,4.90983,23.827,9.8,26.932,33.28747559,0.21088,33.92495,-5.463878387,9.98377,41.5812,0.31223
74,0.779,74.76,13.84533,8.662745,25037.50727,0.052834000000000006,30.8,100.0,4.614137793,0.7340799999999998,North America,0.9775500418833575,0.36316666666666664,0.5952666666666667,11.366666666666665,15.44442229235294,32.45698486666666,13.33333333,31.698904761904767,5.036807,2.60631,26.758,22.53333333333333,28.915736842105265,53.50663103285712,0.20586,42.30769,0.0,8.291295999999999,47.01161999999999,0.5605236363636362
74,0.779,72.06999999999998,15.07384705,11.39749842,13215.9357,43.993643,69.5,100.0,5.085598848,0.9338599999999999,Europe,1.000186388673946,0.23400000000000004,0.7279999999999999,7.4,3.6,8.5,20.51886792,41.178,6.99532,5.41226,29.923,74.59999999999998,14.852,61.32117462,0.52048,16.70804,4.375698588,12.49028,79.98829999999998,0.47134
78,0.778,77.01999999999998,12.77203,9.293740746,20895.35881,0.097115,24.5,100.0,5.87665912,0.8897,North America,0.9775500418833575,0.36316666666666664,0.5952666666666667,5.8,15.44442229235294,32.45698486666666,31.42857143,33.976,4.533532,4.537240624999999,29.56,28.9,28.915736842105265,53.50663103285712,0.20586,22.27273,-4.854368842,2.77644,47.01161999999999,0.5605236363636362
79,0.777,76.73999999999998,14.99071,9.69633,12252.30018,32.510462,78.09999999999998,81.79998,1.735938874,0.72873,South America,0.9570929121632723,0.395,0.628,10.8,16.96786,28.57682,30.0,30.984,4.99515,3.71993,13.048,15.9,50.418,34.435215,0.12886,57.66047,-5.281761736,15.39608,58.0614,0.12704
79,0.777,77.15,15.0291956,7.9391,17781.19093,69.62558100000001,50.7,100.0,4.151456464,0.78329,Asia,1.007921417554255,0.359,0.646,7.9,18.3,23.8,14.13333333,40.102,3.746016,4.12402,8.05,30.19555555555556,48.472,79.78010559,0.22182,32.15761,17.30810425,12.73327,38.7807,1.00403
81,0.776,75.09,13.06861,11.30174,13894.01302,2.957728,63.2,100.0,1.887392034,0.8452400000000001,Asia,0.9820915997742172,0.24500000000000002,0.6989999999999998,8.699999999999998,2.9,17.399999999999995,23.48484848,35.374,10.362705,2.70759,44.023,41.6,38.668,40.90643692,0.20473,11.66842,-0.835817252,11.09363,79.9449,0.18913
82,0.774,75.79999999999998,13.5852,9.812715,15864.63074,2.083458,58.2,100.0,3.489462336,0.9704200000000001,Europe,0.9520718901753507,0.143,0.681,7.9,8.36817,19.15726,39.16666667,39.138,6.062115,4.982562857142858,28.736,42.8,19.028,72.88609314,0.27396,39.57177,10.3410166,14.52329,82.4474,0.36398
83,0.767,77.29,14.39861,8.46873,14256.67085,50.339443,81.09999999999998,99.66937,1.958665874,0.7486399999999999,South America,0.989466029986866,0.42800000000000005,0.5949999999999999,10.7,18.595,35.52712,19.56521739,31.307,7.226281,4.50259,21.848,17.1,47.057,42.47443008,0.11881,52.70394,-9.224242776,6.78748,59.8693,0.23698999999999998
84,0.765,75.87999999999998,15.41401,7.9813,14262.93459,211.049519,86.79999999999998,100.0,2.182612678,0.9003400000000001,South America,0.993476951454,0.40800000000000003,0.57,10.9,21.189,40.961673,14.98316498,33.481,9.467477,6.24106,21.643,20.9,27.908,67.51464844,0.14787,58.93105,-9.904976175,17.3775,65.6896,1.26326
85,0.761,76.90999999999998,13.98429,8.06,16057.39642,1433.783692,60.3,100.0,7.049838061,0.74289,Asia,0.9574993481466189,0.168,0.6390000000000001,7.9,11.7,27.4,24.94117647,38.422,5.151193,3.860831315789474,19.798,43.1,45.378,76.36473083,0.44521,22.35394,33.55199261,24.96888,52.396527500000005,2.18568
86,0.759,77.01,14.6008,8.907169486,11043.98255,17.373656999999998,64.0,100.0,2.453437232,0.6603599999999998,South America,0.967367575789958,0.384,0.616,11.5,13.89604924,29.896735,37.95620438,27.93,8.257429,4.9987,20.368,13.9,46.728,42.6063385,0.19951,50.20595,-5.001990369,9.3489,46.9531,0.44265999999999994
86,0.759,76.2,13.99927,8.508470732,14615.56978,0.182795,18.8,99.99856,2.312674213,0.83768,North America,0.9854529148532551,0.40099999999999997,0.629,10.6,12.6,27.4,20.68965517,34.495,4.545887,3.67959,6.409,13.0,29.597,53.50663103285712,0.20586,33.18033,-7.155961103,8.291295999999999,16.794699999999995,0.5605236363636362
88,0.756,73.01,12.89364,10.57543,13783.67995,10.047719,56.0,100.0,3.697458485,0.91027,Asia,0.9427321413710317,0.323,0.6840000000000002,13.9,5.3,8.9,16.80672269,32.333,6.651829,2.47382,34.46,48.2,55.231,27.71962547,0.20117,14.09967,37.71508409,9.1725,93.3,0.18484
88,0.756,74.08,14.22252,8.123720268999998,17591.06522,10.738957,81.79999999999998,100.0,2.339039258,0.7328099999999999,North America,0.9987924735511202,0.45499999999999996,0.5949999999999999,17.0,15.82688819,30.369914,24.32432432,28.002,6.136395,4.537240624999999,15.6,15.6,40.4,54.14283752,0.13913,41.73463,82.46153404,5.75233,47.9734,0.5605236363636362
90,0.75,71.90000000000002,11.53408,11.70817,13663.60669,4.043258,42.7,100.0,1.265367932,0.9684199999999998,Europe,1.013708538762285,0.20400000000000001,0.6720000000000002,9.6,7.3,14.0,25.74257426,37.597,7.012951,5.51108,32.066,56.6,37.347,44.55144882,0.41699,12.57525,29.57633263,8.82351,65.2196,0.25498
91,0.748,76.87999999999998,14.60430179,7.986547848,11173.95681,43.053054,73.2,100.0,3.687690523,0.9076299999999999,Africa,0.8583254728464075,0.429,0.596,14.1,33.7,11.4,21.54882155,28.521,6.374322,4.170924523809525,17.193,19.0,26.993,29.26873016,0.2319,0.8244399999999998,17.79244005,9.01078,40.34,0.54243
92,0.7439999999999999,78.93,11.28587,8.718636,14654.53395,6.855709,88.79999999999998,100.0,3.531952029,0.91888,Asia,0.8921468975490516,0.4109999999999999,0.6202777777777779,7.4,6.2,19.29900227749999,4.6875,29.563,8.195544,2.43467,21.038,27.3,26.882,32.90546417,0.34259,13.42913,4.870232735,10.04639,52.396527500000005,0.7938671794871797
93,0.743,67.44,14.42733,10.90163,13009.07311,0.8899550000000002,56.8,99.25741,2.405366034,0.6683400000000002,Oceania,0.9634235119456194,0.37,0.658,14.9,8.17858772225,21.06517,19.60784314,27.93,3.500745,3.88289,8.599999999999998,20.0,43.141,99.26793671,0.264515,55.94198,7.257841471,6.46611,62.4897,1.0903333333333334
94,0.742,78.21,12.966179,8.142186,11883.95528,0.07180800000000001,70.8,100.0,2.546736475,0.6746499999999999,North America,0.9775500418833575,0.36316666666666664,0.5952666666666667,11.366666666666665,15.44442229235294,32.45698486666666,25.0,31.698904761904767,5.876889,3.38688,11.189,22.53333333333333,28.915736842105265,53.50663103285712,0.20586,57.41334,-13.87999725,4.6155,47.01161999999999,0.5605236363636362
95,0.74,78.92,12.2,7.020278,17416.77777,0.530957,40.2,100.0,2.953096398,0.84984,Asia,0.9231997515773088,0.369,0.584,6.0,29.3,25.8459,4.597701149,29.906,9.029976,4.06728,45.627,43.0,19.467,53.02450529446666,0.29196023809523813,3.33333,0.0,6.84146,32.6717,0.7938671794871797
95,0.74,76.7,15.12561,7.22022,10414.06361,11.694721,69.3,99.57799,2.730311388,0.97406,Africa,0.9001292969125835,0.296,0.596,9.0,30.70285,16.88955,22.58064516,32.835,7.232457,6.59921,13.025,21.8,19.964,28.36343575,0.21338,6.76622,63.4836627,9.30216,55.7924,0.59997
97,0.738,72.53,14.09404,8.784648,12377.65413,0.11059299999999998,52.6,100.0,2.026657956,0.76689,North America,0.9654676872410736,0.36316666666666664,0.5952666666666667,11.3,15.44442229235294,32.45698486666666,13.04347826,32.894,4.487125,5.68122,6.648,43.2,19.865,53.50663103285712,0.20586,69.23077,8.0,8.291295999999999,47.01161999999999,0.5605236363636362
97,0.738,71.68,13.188028,9.261387,14324.37746,0.5813630000000001,66.1,94.28579,3.10213719,0.98335,South America,0.9852291416227548,0.43600000000000005,0.535,12.8,18.36769,46.69631,31.37254902,28.988,6.22977,4.943812222222222,12.101,30.0,12.194,53.963080215000005,0.25297,98.25769,-0.659752461,13.45549,45.04,0.409354
99,0.737,69.87,14.20655,10.2512725,10838.6743,3.225166,68.5,94.62949,8.867755383,0.94959,Asia,1.0230891704780272,0.322,0.634,13.1,11.88363,16.94628,17.33333333,28.181,4.002301,4.08578,28.592,80.0,48.486,94.95379639,0.54361,8.0174,-0.641994805,34.53621,80.5507,0.10293
100,0.7349999999999999,69.59,12.8495,9.56,16437.14142,2.303703,70.2,27.88261,2.957364197,0.97447,Africa,0.9977298932351839,0.465,0.38947826086956544,19.4,23.27683,28.534657616170225,10.76923077,24.044,6.134568,4.170924523809525,5.269,18.0,25.912,46.788517,0.22212,18.94694,-21.72474264,29.50656,33.95,0.53728
101,0.734,74.48,13.1407323,9.73305,9319.131127,2.948277,56.0,97.59347,2.790843952,0.66599,North America,0.9943386569289407,0.396,0.612,10.0,5.6,32.0,19.04761905,30.725,5.988417,5.40731,13.061,17.2,35.773,77.7620163,0.2987600000000001,30.91597,-2.838072724,6.48712,47.01161999999999,0.5605236363636362
102,0.729,74.53,11.3787006,10.518,9858.487276,10.101697,91.2,98.89148,2.417022718,0.96512,Asia,0.8748292952354347,0.45,0.622,10.6,15.4,17.91185,15.38461538,23.771,8.119251,3.58851,23.237,14.7,9.202,26.61338997,0.32237,1.09822,-0.6082451,7.63386,52.396527500000005,0.7078
103,0.7279999999999999,74.25,12.71,8.53508,12223.94045,7.044639,61.9,100.0,1.068304987,0.94969,South America,0.966283198094048,0.446,0.557,13.8,16.71896,37.799,16.8,26.308,6.654569,3.43834,13.544,8.3,37.484,46.04944992,0.09626,37.7488,-29.11282503,12.53747,43.6684,0.14883
104,0.725,70.91,14.40649703,11.24,6364.577962,0.10449700000000002,23.1,98.89909,1.3109877230000002,0.72413,Oceania,0.9497805673044347,0.354,0.658,10.4,4.5,21.06517,7.407407407,22.415,5.269311,5.537004285714285,5.403,21.116666666666664,52.24,99.26793671,0.264515,12.5,0.0,16.94934,72.3015,1.0903333333333334
105,0.724,72.90999999999998,12.85428,7.599985,15687.71357,6.777453,80.4,6.593834,8.087927350999998,0.97158,Africa,0.9761731259582463,0.252,0.38947826086956544,9.1,32.74832937500001,28.534657616170225,15.95744681,28.817,5.6348516730769225,4.170924523809525,20.905,32.0,5.723,59.62096024,0.37184,0.12332999999999998,0.0,11.04731,27.622080952380955,0.363090588235294
106,0.7199999999999999,71.73,12.05882,11.8072,7141.953943,32.981714999999994,50.4,100.0,2.810214137,0.96943,Asia,0.9389877322559972,0.288,0.6202777777777779,13.9,0.7,19.29900227749999,16.399999999999995,27.809,6.414385,5.28134,23.742,39.8,41.977,35.96907806,0.409,7.54297,5.378654493,9.07434,52.396527500000005,0.12976
107,0.718,71.51000000000002,14.2,9.017540839,8553.783786,11.513102,69.8,85.95950999999998,1.960866868,0.87148,South America,0.9449452819804472,0.417,0.546,22.5,17.56781022,31.169242,51.80722892,25.56,6.443161,4.943812222222222,15.901,12.9,63.224,53.85283279,0.29371,50.28616,-13.24946254,13.00352,47.5549,0.157
107,0.718,71.72,13.60698,8.166679999999998,11459.09692,270.625567,56.0,96.81341,2.297288275,0.75136,Asia,0.9403575936633957,0.48,0.59,13.9,16.15374573,23.13405473,17.391304349999995,29.744,2.989054,3.5836,4.269,10.4,47.895,51.35491943,0.17152999999999996,49.8604,-23.80479855,7.4782,42.0142,0.22634000000000004
107,0.718,71.23,13.14836,9.393091398,9777.798117,108.116622,47.1,92.5148,1.266454145,0.67565,Asia,1.0069199775633197,0.43,0.5869999999999999,15.3,10.1,28.1,28.04878049,25.687,4.446408,3.860831315789474,6.004,9.9,32.699,38.85416412,0.16192,27.76939,26.31578947,3.97023,29.87,0.16415
110,0.716,74.62,13.11358,9.921731875,6381.597682,0.390351,45.9,100.0,1.499721984,0.8446599999999999,North America,0.9763094284055697,0.4149999999999999,0.554,11.1,15.9,37.9,11.11111111,25.482,5.642823,7.37876,11.229,10.4,29.622,52.28493881,0.20586,59.67909,-15.76393974,11.54346,43.5137,0.5605236363636362
111,0.715,73.31999999999998,12.7297,10.77921,6308.652491,0.197093,18.1,100.0,1.320457454,0.7668,Oceania,0.9634235119456194,0.36,0.658,10.0,4.9,21.06517,10.0,21.835,5.482786,4.08047,3.445,10.0,29.983,99.26793671,0.264515,60.42403,31.53846154,5.26974,66.6319,1.0903333333333334
111,0.715,68.19,11.1894,10.27379667,14908.6706,5.942094,52.0,100.0,13.65493964,0.97718,Asia,0.9177500118397202,0.3424772727272727,0.586,23.4,2.94467,26.20491,25.0,26.937,6.930448,3.860831315789474,22.247,40.3,25.219,35.51710892,0.74626,8.782159999999998,0.0,16.49019,52.396527500000005,0.7938671794871797
113,0.711,72.06,12.81608,10.30728,7044.638972,28.515829,88.2,100.0,4.803684466,0.82757,South America,1.0092220719889584,0.479,0.588,17.1,8.8,25.2,22.15568862,29.592,1.18121,4.943812222222222,22.098454545454544,8.699999999999998,35.61,70.03800964,0.33467,52.73919,-10.58585791,6.66513,42.3317,0.33713
114,0.709,64.13,13.7912,10.24064634,12129.23006,58.558267,66.90000000000002,89.59882,8.090356956,0.77583,Africa,0.9863821495061936,0.406,0.4680000000000001,19.2,17.29413,56.996,45.33333333,27.621,8.113118,6.15899,9.054,23.0,10.298,69.98981476,0.61721,7.61774,0.0,11.28105,52.1689,0.8321499999999998
115,0.708,74.04999999999998,13.4094,9.16551,6417.389121,4.981422,76.4,100.0,0.659986399,0.92104,Asia,0.869987949133453,0.3424772727272727,0.613,12.0,11.592,16.61632726,18.235152053608694,20.769,5.452899188449395,5.25234,18.941456521739127,30.19555555555556,23.069,15.91077328,0.29196023809523813,1.52326,0.9911911159999999,14.21924934782609,48.5033,0.4922000000000001
116,0.707,71.99,13.32624,7.434,11466.14512,100.388076,42.7,100.0,2.426406927,0.91429,Africa,0.8823332278842354,0.449,0.497,11.6,38.1,36.5,14.93288591,24.606,5.287637,4.170924523809525,4.521,14.3,20.721,26.9944191,0.20746000000000003,0.07394,67.2727238,7.86398,57.196,0.7238799999999999
117,0.7039999999999998,74.11,12.39008,10.8856786,5039.043833,0.058791,77.4,98.43132000000001,2.580761132,0.8384199999999999,Oceania,0.9634235119456194,0.33816666666666667,0.658,13.469999999999999,4.3,21.06517,6.060606061,25.8853,16.40294,5.537004285714285,4.233,21.116666666666664,45.262625,99.26793671,0.264515,70.22222,3.849879875666667,1.99164,56.717800000000004,1.0903333333333334
117,0.7039999999999998,75.4,12.692323,8.32,7432.706806,96.46210799999999,36.6,100.0,2.162947504,0.7279,Asia,0.99742762481112,0.296,0.588,12.9,17.6,19.133,26.72064777,32.49,5.532128,4.17277,8.281,31.8,54.074,30.41970062,0.33102,48.06012,67.07344847,14.6608,39.392,0.52674
119,0.7029999999999998,66.47,12.97731,8.698,13929.80613,2.172578,89.7,62.51131,2.528364653,0.9556099999999998,Africa,0.9158481824351299,0.525,0.544,22.8,23.5,21.2,17.948717949999995,22.511,2.780746,2.66667,6.819,13.0,31.464,53.70412445,0.1031,90.03765,5.454545455,5.98661,35.51,0.57924
120,0.697,71.45,12.96756,11.10481377,4864.390351,6.415851,36.6,100.0,1.5991675169999997,0.98464,Asia,0.9572854580584064,0.369,0.63,11.3,3.36425,13.83059,19.16666667,26.034,6.185863,6.02619,22.13,44.1,33.789,38.85499954,0.43209,3.27946,-24.76076555,8.38183,92.68,0.10707000000000003
121,0.686,76.68,13.72117,5.648,7368.360268,36.471766,63.0,100.0,1.840451548,0.8885499999999998,Africa,0.8346114320282835,0.454,0.38947826086956544,13.0,32.74832937500001,28.534657616170225,18.44660194,29.538,5.2452,4.170924523809525,7.308,10.0,47.538,16.80644608,0.21875,12.60139,13.52442471,7.856379999999999,18.68,0.71454
122,0.682,69.91,11.43113,8.489781305,9455.014358,0.782775,26.7,90.01043,3.120515118,0.87981,South America,0.9611117542052664,0.462,0.556,19.0,10.7,25.1,31.88405797,26.687,4.94551,5.88842,8.022999999999998,17.1,25.513,53.963080215000005,0.1912,83.90144999999998,-0.8643457380000001,24.45832,41.2971,0.409354
123,0.674,70.6,11.27,7.316,10800.83898,39.309789,70.7,99.9,5.312406332,0.7932399999999998,Asia,0.7744031901700814,0.577,0.541,15.9,29.7,12.67895,25.22796353,21.04,4.16663,3.860831315789474,7.079,13.2,19.793,19.50482178,0.24232,1.90036,3.378228358,6.32814,28.2951,0.04306
124,0.673,73.31999999999998,11.6908,6.907268,8359.115143999998,6.45355,72.7,100.0,1.110494014,0.8322800000000001,North America,0.9745710970022442,0.383,0.529,12.5,29.0996829,21.811224,30.95238095,27.552,7.22756,3.60075,15.662,12.0,34.191,24.37995911,0.12587,12.57722,-30.87532995,5.31457,41.0821,0.18115000000000003
125,0.668,71.1,11.6618,10.7337,3953.598166,9.321022999999999,27.3,99.33723,0.602647999,0.9896,Asia,0.8232389133060174,0.314,0.584,16.7,6.03825,14.5,20.0,22.416,7.228815,5.23139,21.026,46.7,41.752,42.13079453,0.22972,2.9714,1.930521259,3.50279,80.07269999999998,0.09703
126,0.665,72.98,12.7042,6.287719287,7019.168144,0.549936,66.2,96.90005,1.155329397,0.90446,Africa,0.9739662240966889,0.397,0.38947826086956544,12.2,23.7,28.534657616170225,23.61111111,27.604,5.165489,5.17322,7.814,21.0,35.168,33.304673039521724,0.17891533333333332,22.54591,57.33333439,6.91946,59.77,0.07263999999999998
127,0.6630000000000001,74.29999999999998,10.75268,6.62261,8494.085111,17.581476,51.4,93.61770000000001,1.064770453,0.72996,North America,0.9408023574909885,0.479,0.481,14.6,30.8,35.4,19.375,22.881,5.813844,2.92707,3.549,4.4,37.543,42.08628082,0.12765,32.69504,-26.20892802,6.63855,18.1558,0.028000000000000004
128,0.6600000000000001,74.48999999999998,12.31796,6.912,5283.658869,6.545503,58.8,71.3512,0.861712031,0.85056,North America,1.0116483043853537,0.42800000000000005,0.505,13.1,25.7,30.693801,44.56521739,26.464,8.645464999999998,4.33953,9.775001,9.3,40.87,24.79252815,0.15751999999999997,25.87668,-31.01462118,6.67484,30.5014,0.10742
129,0.654,71.78,12.982658,4.0738,10745.84396,0.763094,41.6,100.0,1.609251473,0.79755,Asia,0.9207884717094356,0.421,0.476,17.1,41.7,20.0,15.27777778,28.144,3.186962,6.64043,4.242,17.399999999999995,71.479,27.68187904,0.29196023809523813,72.48453999999998,35.10517452,10.36474,19.47,0.7938671794871797
130,0.646,63.71,12.63338796,6.99,9356.673607,2.494524,51.0,35.52086,1.745046871,0.96889,Africa,1.0074694396634722,0.44000000000000006,0.418,22.1,25.0,53.6,36.95652174,21.832,8.550957,3.10315,4.182,27.0,31.02,80.66267395,0.17086999999999997,8.313959999999998,-21.88085135,11.21098,66.6696,0.33996
131,0.645,69.66,12.16229,6.5,6681.346904,1366.417756,34.5,92.92934,1.962160313,0.67589,Asia,0.8202498499063718,0.488,0.475,19.7,38.7,18.79302,13.48600509,28.426,3.53496,3.84467,8.570999999999998,5.3,74.26999999999998,76.63963318,0.2562,23.83312,10.82500264,5.53864,21.2031,0.64998
132,0.634,75.26999999999998,10.06014,6.573452,5308.452598,9.746115,57.7,81.09082,1.034208839,0.76529,North America,0.9782329745382843,0.42299999999999993,0.472,13.3,23.34273802,37.819458,21.09375,24.344,7.858425,6.0812,3.089,6.4,41.39,40.95068741,0.22864,39.96783,-45.03441495,5.2043,28.1859,0.04
133,0.632,72.59,11.59809,6.219339024,4976.209148,163.046173,37.4,78.26703,0.531009097,0.75203,Asia,0.9040424485079424,0.537,0.4779999999999999,17.3,37.31177,16.55655,20.63037249,27.567,2.274249,1.98602,5.809,7.9,55.25,35.83634567,0.13767,10.95798,-4.524764095,2.66143,25.7996,0.7938671794871797
134,0.63,68.37,11.801993,7.984461822,4259.732067,0.117608,54.8,100.0,0.600585255,0.77171,Oceania,0.9634235119456194,0.33816666666666667,0.516,24.7,9.63653,19.35687,6.52173913,23.04,10.757597,5.537004285714285,2.039,18.6,45.262625,99.26793671,0.264515,15.0,0.0,6.32226,48.3079,1.0903333333333334
135,0.625,70.39,12.68717,6.436763183,3952.072482,0.215048,73.59999999999998,55.7417,0.586320299,0.79871,Africa,0.9061817327646718,0.537,0.52,17.0,18.3,14.9,14.54545455,18.612,6.229991,5.14907,0.531,29.0,48.114,33.304673039521724,0.17891533333333332,55.83333,-4.28571701,3.24764,27.622080952380955,0.363090588235294
136,0.62,67.88,11.54947988,7.804956,3982.736516,0.113811,22.8,78.73943,1.338334517,0.6970800000000001,Oceania,0.9634235119456194,0.33816666666666667,0.658,16.1,8.17858772225,26.4,0.0,24.362,12.351549,12.4595,1.77,21.116666666666664,45.262625,99.26793671,0.264515,91.85715,3.849879875666667,2.30558,64.997,1.0903333333333334
137,0.613,67.92,10.98724,5.288,7413.331629999999,7.169456,35.6,97.07656,2.735931579,0.8300699999999999,Asia,0.9272958520115007,0.45899999999999996,0.461,22.6,31.3,20.3,27.51677852,24.37,2.528087,2.93781,3.726,15.0,80.054,31.87420273,0.29196023809523813,82.10823,7.399756636,11.99157,34.2056,0.7938671794871797
138,0.611,60.19,11.8430625,6.855161078,7919.058294,1.148133,24.0,70.18459,1.054932715,0.812,Africa,0.9961132764441478,0.567,0.43200000000000005,25.1,24.1,37.9,12.12121212,20.729,6.930378,7.12767,3.285,21.0,32.637,27.41395187,0.17891533333333332,34.33721,25.12711347,9.39457,17.9065,0.27013
138,0.611,64.07,11.48333,7.306,5268.919684,30.417858,56.7,67.34917,0.614718893,0.84744,Africa,0.9109915648306124,0.538,0.44000000000000006,24.2,35.10167,24.14249,13.09090909,21.507,3.26237,3.98944,1.3590000000000002,9.0,68.701,53.72341919,0.1192,41.15936,8.559179212,6.95262,28.5341,0.37655
140,0.609,70.47,11.73391,7.064846,3104.799016,0.299882,25.4,51.10511,0.528256116,0.661,Oceania,0.9634235119456194,0.33816666666666667,0.658,14.4,8.17858772225,19.7,0.0,21.112,3.316853,4.69537,1.653,21.116666666666664,70.417,99.26793671,0.264515,36.09516,0.0,6.13874,10.1264,1.0903333333333334
141,0.606,69.5,12.616098,4.794383,4440.457586,1.2931199999999998,30.9,79.24554,0.411538407,0.8535,Asia,0.9421233539451455,0.3424772727272727,0.43600000000000005,21.7,44.9,13.58745,38.46153846,20.795,3.882293,4.12844,7.224,59.0,67.655,53.02450529446666,0.29196023809523813,45.37996,-30.1449288,7.717329999999999,28.255,0.7938671794871797
142,0.602,70.78,12.75613,5.014,3456.706213,28.608715,20.2,93.46991,0.336271931,0.83087,Asia,0.9330560412052776,0.45200000000000007,0.446,17.5,40.9,16.3,33.53293413,24.633,5.553295,5.16365,7.486,3.0,78.415,41.60002136,0.14341,25.36449,-24.70163115,3.90282,41.8908,0.3022
143,0.601,66.7,11.33941359,6.564,4243.62556,52.573967,27.5,71.67698,0.359705728,0.7984799999999999,Africa,0.9369174631602029,0.518,0.44299999999999995,22.5,22.9,33.1,23.26139089,20.119,4.802543,5.32024,1.565,14.0,51.3,77.74636841,0.11162000000000001,7.81811,-5.808634681,3.22822,40.5334,0.7857699999999999
144,0.594,69.82,11.46772,4.966,4246.178107,16.486542,23.8,88.97127999999998,0.639774343,0.78974,Asia,0.9220299894870256,0.47400000000000003,0.475,18.1,27.3,14.3,19.2513369,25.631,5.918842,2.16286,1.927,9.0,50.279,21.52639389,0.18795,52.85293,-27.92336519,5.29364,14.3237,0.11823000000000002
145,0.592,58.74,9.734940000000002,5.910863,13944.13223,1.355982,72.59999999999998,6.609483,4.344926374,0.8218099999999998,Africa,0.896937055131926,0.5316744186046513,0.38947826086956544,34.6,32.74832937500001,28.534657616170225,19.18604651,22.335,3.107094,4.170924523809525,4.017,21.0,77.29,33.304673039521724,0.17891533333333332,55.48663,-16.32257933,19.21658,27.622080952380955,0.363090588235294
146,0.584,63.89,11.478083,7.152016,3325.518591,17.861034,44.1,10.968,0.30129598800000007,0.87456,Africa,0.9582216057295521,0.539,0.40099999999999997,26.5,20.43572,44.84022,17.96407186,17.591999999999995,4.470341,4.66738,11.867,20.0,78.134,40.27887726,0.09787000000000001,65.19915,-8.203790837999998,8.40358,39.1038,0.27819
147,0.583,67.13,10.67024,5.034490583,4960.528169,54.045422,30.9,54.8224,0.490326266,0.80034,Asia,0.9537085156338574,0.4779999999999999,0.6202777777777779,22.8,26.9,19.29900227749999,11.56773212,28.983,4.659072,1.9726,6.77,10.4,59.059,25.97871208,0.10362,43.6311,-27.29188149,3.51556,28.0812,0.03186
148,0.581,61.15,11.777202,5.173993233,6104.05464,31.825299,66.2,3.81507,1.12098146,0.93195,Africa,0.902946618629717,0.536,0.397,32.0,34.3,28.9,30.0,16.677,2.7915,4.170924523809525,2.146,13.671428571428573,65.995,22.33164597,0.10205,46.30721,-5.321439224,4.94033,10.2735,0.03229
149,0.574,64.57,11.72662,6.517170529,2879.190985,5.380504,67.40000000000002,20.18958,0.616109614,0.96574,Africa,0.9287048686764576,0.57,0.43,22.8,20.9,31.0,13.63636364,19.204,2.930279,3.63639,1.645,13.671428571428573,75.97799999999998,20.9935627,0.11143,65.35461,-1.792662108,3.54176,27.622080952380955,0.363090588235294
150,0.571,61.49,10.968732,8.4668,2665.612042,14.645473,32.2,19.99775,0.8492879119999998,0.7919399999999999,Africa,0.9314420323434203,0.527,0.441,24.2,14.60503,28.76901,34.57142857,18.668,6.635916,4.60449,2.096,17.0,64.739,51.66492462,0.27117,35.54246,-37.96426814,3.36248,63.5345,0.363090588235294
151,0.567,73.0,10.22041433,5.711848,2253.346153,0.669821,24.2,63.54454,0.272356734,0.76186,Oceania,0.9634235119456194,0.33816666666666667,0.658,12.1,8.17858772225,19.4,4.081632653,19.889,4.684919,5.537004285714285,1.937,14.0,65.677,99.26793671,0.264515,77.86352,-6.222035183,7.10324,18.6947,1.0903333333333334
151,0.567,72.7,8.850099999999998,5.1,3613.05256,17.070132,54.8,69.45766,1.668734428,0.93969,Asia,0.8286868100101273,0.48200000000000004,0.6202777777777779,13.0,18.071931588695648,19.29900227749999,13.2,25.621,5.452899188449395,3.860831315789474,12.874,14.0,32.43,19.58799934,0.7890899999999998,2.67386,32.09706405,10.57198,52.396527500000005,0.02053
153,0.563,59.29,12.10426,6.310862,3580.902737,25.876387,57.0,23.03357,0.3226964560000001,0.8404299999999999,Africa,0.864019843121015,0.56,0.375,33.5,31.71699,34.98911,29.28571429,18.688,4.670667,3.14529,0.881,13.0,73.56199999999998,30.0303688,0.07716,39.33913,-23.52360586,4.17526,19.8818,0.363090588235294
154,0.557,67.27,8.27594,5.158944258,5005.034893,216.565317,36.9,54.39318,1.053301632,0.85857,Asia,0.744749566275391,0.538,0.384,29.9,43.5,17.23416,20.0,22.782,2.898634,2.89952,9.801,6.3,55.483,7.025063992,0.18876,1.85373,-43.45073209,4.44542,27.8274,0.23597
155,0.555,64.5,10.199261,4.66,4301.098542,8.776119000000001,13.2,55.46022,0.910714134,0.8355499999999999,Oceania,0.9634235119456194,0.725,0.39,24.1,35.65204,28.89932,0.0,22.422,2.469276,1.9264,0.6989999999999998,21.116666666666664,77.92199999999998,99.26793671,0.264515,74.0984,-0.210547421,10.18423,26.6982,0.03158
156,0.554,64.32,11.2447,5.078649,3099.445776,0.8508909999999998,29.2,76.98635,0.262410461,0.74497,Africa,0.8905960923414845,0.5316744186046513,0.303,28.9,47.6,56.0,6.060606061,20.37,7.384374,2.48708,2.715,21.6,63.71,17.89295769,0.17891533333333332,19.66684,-25.30612556,3.47693,13.9758,0.363090588235294
157,0.546,64.93,8.58834,4.726,5134.570124,4.525698,54.5,0.6332271,0.604431254,0.97516,Africa,0.8636573931763871,0.634,0.371,30.0,40.8,24.6,20.26143791,20.114,4.403152,2.63107,1.865,13.671428571428573,52.503,15.48727798,0.17891533333333332,0.21442,-46.74698795,7.412099999999999,8.160999999999998,0.014190000000000001
158,0.545,61.77,12.61455,3.826328,3254.245627,11.801151,47.9,18.33403,0.622479113,0.9099699999999998,Africa,0.8546001196430982,0.612,0.343,34.9,43.7,32.0,7.228915663,18.781,3.718582,4.03814,0.791,5.0,87.732,28.58588791,0.2985,37.78822,-26.03714633,5.17845,17.1252,0.363090588235294
159,0.544,63.37,11.412656,6.171951533,2123.26935,44.269587,24.4,38.01846,0.135060384,0.75492,Africa,0.8633949306193379,0.535,0.399,27.2,27.9,24.94038796,34.8583878,16.733,6.187756,2.52076,1.6799999999999997,5.0,75.239,52.70641327,0.17891533333333332,9.68382,-59.27332067,2.89176,3.1526,0.17043
160,0.543,69.02,11.18666,4.417150539,2155.334054,12.626938,17.3,23.41865,0.09123742,0.8841699999999999,Africa,0.9454102954543157,0.402,0.387,19.5,29.3,36.4,55.66037736,20.039,6.571598,3.11334,1.34,13.671428571428573,67.996,44.96050262,0.17891533333333332,19.73247,53.08175717,2.94085,18.1052,0.66627
161,0.539,54.69,9.975095,6.65519163,4910.208257,200.963603,51.2,30.95085,0.649875717,0.8564399999999999,Africa,0.8810698076589418,0.5316744186046513,0.3479999999999999,37.1,40.41507,28.05169,4.112554113,18.064,3.755539,4.170924523809525,3.806,13.671428571428573,77.61199999999998,27.27667618,0.08591999999999998,7.22839,-61.79993094,3.487,41.3782,0.13223
162,0.538,57.78,9.95474,5.288,5068.606313,25.716554,51.2,32.93753,0.334697157,0.90506,Africa,0.811194394691022,0.638,0.346,33.3,45.60904,27.04145,13.27683616,18.854,4.453034,4.36816,2.314,13.671428571428573,71.186,35.56497955,0.11991,32.70629,1.747208074,2.95347,25.4587,0.0956
163,0.529,65.46,8.0976,6.122,2599.847211,58.005461,34.5,18.83684,0.22195235200000002,0.70077,Africa,0.947644954950684,0.556,0.397,25.3,27.0,22.4,36.8956743,17.992,3.645451,3.69644,0.14,7.0,82.72799999999998,42.15222168,0.06927,51.57823,-18.29756795,3.22385,4.9827,0.51456
164,0.528,67.04,10.17392,6.1,1596.28108,26.969306,37.9,0.0210776,0.163020675,0.76124,Africa,0.9522209627016217,0.5316744186046513,0.39,21.1,29.34582,27.557,16.90140845,19.568,5.502038,3.23481,1.812,2.0,85.076,16.314968109999995,0.17891533333333332,21.41114,-9.060523633,2.41478,18.5092,0.014649999999999996
165,0.527,54.33,11.31561,6.53928325,3150.620131,2.125267,28.6,37.71325,1.261331254,0.94535,Africa,1.0135592906778066,0.553,0.382,33.1,19.55712,29.57664,23.02631579,24.01,8.763158,6.51166,0.692,13.671428571428573,16.309999999999995,46.46006012,0.17891533333333332,1.6469,25.0,11.65596,27.622080952380955,0.04795
166,0.524,67.11,6.791215,4.1,5689.348966,0.9735569999999999,77.9,23.83283,0.671795337,0.80959,Africa,0.896937055131926,0.5316744186046513,0.38947826086956544,23.4,32.74832937500001,27.7,26.15384615,26.57,3.316518,5.55942,2.237,14.0,44.741,8.762782097,0.17891533333333332,0.24159000000000003,0.0,2.94073,27.622080952380955,0.363090588235294
167,0.515,61.04,12.66498,4.949925584,1602.34934,8.082359,42.2,22.35375,0.433256396,0.86219,Africa,0.8215416267978627,0.573,0.351,30.5,37.72766,26.85326,16.483516479999995,19.35,6.199512,5.42885,0.774,7.0,80.911,37.59315491,0.18028,3.09248,-75.44525592,4.15438,8.184599999999998,0.26654
168,0.512,67.94,8.58486,3.183085,3309.385734,16.296362,47.7,44.21698,0.7386565799999999,0.94062,Africa,0.8695316488787947,0.533,0.3479999999999999,21.2,46.36412,25.89114,41.81818182,18.514,4.134064,4.65201,0.6909999999999998,3.0,64.628,38.44960785,0.1703,42.76217,-11.92768507,3.22987,10.8479,0.5772
169,0.511,64.83,10.17643,3.93,2229.362021,38.041757,25.8,98.27287,0.253922847,0.83733,Asia,0.6594916704736336,0.6550000000000001,0.6202777777777779,28.3,45.4,19.29900227749999,27.24358974,18.438,11.777194,4.05887,2.782,3.9,79.726,7.160684586,0.29196023809523813,2.06782,0.0,1.91006,19.2203,0.7938671794871797
170,0.51,64.0,9.7,5.592369636,1708.809043,11.263079,56.2,3.545804,0.269635171,0.7191,North America,0.8753442200351949,0.636,0.303,32.2,37.3,50.43867,2.739726027,24.008,8.035501,2.78047,2.343,7.1,72.269,30.04561424,0.18514,3.49057,-17.06896815,1.62973,9.3896,0.5605236363636362
170,0.51,65.31,7.884416,3.77,3828.660219,42.813237,34.9,47.05751,0.50347675,0.92803,Africa,0.8597259532372107,0.545,0.333,27.4,42.5,33.0,27.53623188,19.659,6.341808,4.170924523809525,2.618,7.4,50.401,9.983160973,0.10586000000000002,28.42221490196079,-7.0436660984,5.38692,22.7401,0.363090588235294
172,0.496,62.05,9.911519,3.922,2167.883472,2.347696,61.9,35.46297,0.267809134,0.9669399999999999,Africa,0.8457424056234778,0.612,0.335,28.5,47.65805,17.46726,10.34482759,17.844,3.282071,2.43275,1.021,11.0,72.051,33.304673039521724,0.17891533333333332,48.37945,10.76923215,2.52214,34.9911,0.07130000000000002
173,0.485,66.6,8.813018308,2.883189,2206.534378,112.078727,21.2,32.65367,0.136741407,0.8468,Africa,0.8370893819252068,0.517,0.3479999999999999,24.9,43.5,13.3515,37.28571429,19.466,3.502557,4.73792,0.769,3.3,85.971,29.07543182,0.07340999999999999,12.5396,-7.0436660984,3.17613,6.8709,0.27441
174,0.483,64.26000000000002,11.24191,4.73,1034.677638,18.628749,17.2,10.44654,0.07611108900000002,0.8079599999999999,Africa,0.986380166972814,0.565,0.345,25.1,28.4,32.4,22.91666667,18.08,9.648231,4.71484,0.358,13.0,59.189,29.84548759,0.17891533333333332,33.18838,-19.68685832,3.33913,17.6324,0.363090588235294
175,0.48,60.68,9.729686667,6.76008,1062.543004,86.790568,45.0,1.820218,0.024229169,0.89085,Africa,0.845242428408403,0.617,0.335,36.1,26.76947,27.63249,11.98686371,16.988,3.978723,1.45495,0.74,13.671428571428573,79.674,24.21882248,0.03418999999999999,67.16508,-5.048799443,2.29892,43.0169,0.4063800000000001
175,0.48,58.32,10.62385,3.5626,1996.042927,1.920917,43.8,9.98746,0.181176683,0.90819,Africa,0.896937055131926,0.5316744186046513,0.3,32.3,41.9,37.9,13.7254902,18.833,7.235869,2.13249,1.274,10.0,75.73999999999998,33.304673039521724,0.17891533333333332,69.7724,-11.46209386,3.87717,27.622080952380955,0.363090588235294
175,0.48,64.1,9.57967,4.806,1258.410853,4.937374,51.6,7.390766,0.323409158,0.9051199999999999,Africa,0.8895810871752505,0.65,0.325,29.8,42.9,22.7,11.65048544,19.411,8.155338,2.58412,0.376,8.0,77.198,28.16200256,0.17891533333333332,43.07517,-15.82471089,3.07939,21.0552,0.363090588235294
178,0.477,61.6,9.408505000000002,2.774225,2405.181497,12.771246,36.5,19.6652,0.256099965,0.8959300000000001,Africa,0.8169305026331489,0.5316744186046513,0.313,31.3,50.12411,17.83777,22.80701754,18.02,4.123087,2.57251,0.8319999999999999,3.0,89.37399999999998,19.67097473,0.17891533333333332,25.75289,-12.88546256,3.76748,27.622080952380955,0.363090588235294
179,0.4699999999999999,66.13,8.76899,3.2,1593.704031,29.161922,37.3,48.69835,0.355826969,0.8593499999999998,Asia,0.4882387359737357,0.795,0.321,24.7,46.1,21.8,0.970873786,20.221,4.2345754802227,3.860831315789474,5.251,7.1,45.627,1.671490073,0.13603,1.03983,0.0,2.27025,29.7277,0.7938671794871797
180,0.45899999999999996,66.32,5.0052837,3.9,2793.482718,3.497117,40.7,34.58703,0.214351541,0.89301,Africa,0.896937055131926,0.5316744186046513,0.38947826086956544,21.4,32.74832937500001,28.534657616170225,22.0,19.209,2.870023,4.170924523809525,0.628,7.0,86.38299999999998,33.304673039521724,0.07553999999999998,14.90693,-7.119063813,7.00192,27.622080952380955,0.363090588235294
181,0.45600000000000007,60.85,9.97402,3.540898438,1250.405688,30.366043,36.5,7.993287999999999,0.280919409,0.8174699999999999,Africa,0.9120910345647356,0.523,0.316,29.8,33.8,28.4,41.2,17.62,4.941198,5.59847,0.8380001,7.0,83.146,32.87394714,0.23083,47.98393,-13.01212236,2.44252,7.0608,0.33751
182,0.45200000000000007,61.58,9.27373,1.644298557,2132.95557,20.321383,30.0,4.749875,0.197398006,0.98805,Africa,0.8667077926423744,0.594,0.316,32.0,39.2,17.3,13.38582677,17.551,6.91506,6.03609,0.8469999999999999,4.0,86.41899999999998,34.4989357,0.17891533333333332,19.33553,-22.73696224,4.4025,5.0302,0.70072
182,0.45200000000000007,54.7,10.17593,3.7,1667.844447,7.813207,42.5,6.431515,0.140938413,0.93076,Africa,0.8837898786367757,0.644,0.291,39.0,46.9,17.73822,12.32876712,19.402,13.420928,7.13846,0.251,13.671428571428573,86.125,15.35897541,0.17891533333333332,43.05348,-0.333544014,7.02041,15.2297,0.363090588235294
184,0.434,59.31,7.46103,2.352954412,2268.77278,19.658023,43.1,25.40293,0.186615308,0.9812,Africa,0.8208006765016002,0.6710000000000002,0.289,36.7,43.85965,16.56372,9.523809524,16.347,3.793985,3.78684,1.286,1.0,80.986,25.71192169,0.17891533333333332,3.79941,-30.70254111,5.79491,5.7778,0.29175
185,0.433,61.58,11.06933,3.287982742,753.9087475,11.530577,13.4,3.435184,0.046677632,0.8915999999999998,Africa,0.9992879461631565,0.504,0.303,28.5,39.5,20.9,38.75,17.32,7.51757,5.01084,1.001,7.9,94.581,6.726228237,0.17891533333333332,10.92679,-2.906572283,1.7516,2.5288,0.21027999999999997
185,0.433,57.85,5.296258,4.8,2003.318894,11.062114,19.9,23.65344,0.17040929699999996,0.92973,Africa,0.8418023490590579,0.5316744186046513,0.276,36.2,39.6,32.3,26.55889145,19.04,9.760994,0.9810399999999999,3.986711540384616,13.671428571428573,84.854,4.708465576,0.40508,28.42221490196079,-7.0436660984,0.9014900000000001,27.622080952380955,0.363090588235294
187,0.398,54.24,7.34935,2.52368,1555.373575,15.946882,23.3,2.745511,0.06553287,0.9162399999999999,Africa,0.7640906759116225,0.71,0.248,40.9,43.0,28.4,14.88095238,16.554,4.487301,2.24185,0.434,13.671428571428573,93.024,14.85025883,0.17891533333333332,3.77097,-29.18120951,2.52412,7.5754,0.3005
188,0.397,53.28,7.56836,4.282,993.0088419000001,4.745179,41.8,16.3186,0.065082737,0.93699,Africa,0.8014200062842962,0.6800000000000002,0.23200000000000004,40.1,34.5,49.2,8.571428571,17.611,5.821776,4.170924523809525,0.7209999999999999,10.0,91.379,9.717617035,0.17891533333333332,35.56198,-1.797870609,3.38292,27.622080952380955,0.363090588235294
189,0.394,62.42,6.47145,2.079048967,1200.8984630000002,23.310719,16.5,11.6982,0.103333707,0.9361200000000001,Africa,0.7237463246819136,0.642,0.284,30.9,35.0,16.399999999999995,16.95906433,15.151,7.739963,4.9198,0.433,3.9,93.676,10.91004658,0.10513999999999998,0.8917699999999998,-41.92288043,3.41545,4.0424,0.363090588235294
